{"cameraMode":{"drawMode":0,"name":"Shaded","section":"Shading Mode"},"sceneLighting":true,"audioPlay":false,"sceneViewState":{"m_AlwaysRefresh":false,"showFog":true,"showSkybox":true,"showFlares":true,"showImageEffects":true,"showParticleSystems":true,"showVisualEffectGraphs":true,"m_FxEnabled":true},"in2DMode":false,"pivot":{"x":8.217785835266114,"y":-262.81781005859377,"z":172.6616668701172},"rotation":{"x":-0.4430810511112213,"y":0.030108587816357614,"z":-0.014890645630657673,"w":-0.8958584070205689},"size":273.2423095703125,"orthographic":false}