{"cameraMode":{"drawMode":0,"name":"Shaded","section":"Shading Mode"},"sceneLighting":true,"audioPlay":false,"sceneViewState":{"m_AlwaysRefresh":false,"showFog":true,"showSkybox":true,"showFlares":true,"showImageEffects":true,"showParticleSystems":true,"showVisualEffectGraphs":true,"m_FxEnabled":true},"in2DMode":false,"pivot":{"x":25.801109313964845,"y":-3.7976837158203127,"z":2.647197723388672},"rotation":{"x":-0.09290315955877304,"y":0.9018085598945618,"z":-0.24261578917503358,"w":-0.3453236520290375},"size":108.75019836425781,"orthographic":false}