{"cameraMode":{"drawMode":0,"name":"Shaded","section":"Shading Mode"},"sceneLighting":true,"audioPlay":false,"sceneViewState":{"m_AlwaysRefresh":false,"showFog":true,"showSkybox":true,"showFlares":true,"showImageEffects":true,"showParticleSystems":true,"showVisualEffectGraphs":true,"m_FxEnabled":true},"in2DMode":false,"pivot":{"x":-229.5695343017578,"y":-320.1773681640625,"z":160.21641540527345},"rotation":{"x":0.38133713603019717,"y":-0.44518187642097475,"z":0.21752123534679414,"w":0.7804374694824219},"size":229.91297912597657,"orthographic":false}